{
  "val_loss": [
    7.744,
    3.614076515076448,
    2.6856136391081393,
    2.3881193069898985,
    2.4478024411411226,
    2.3772199893342685,
    2.296822558875791,
    2.2691011301852746,
    2.276575146482257,
    2.2456701777107786,
    2.2408744585040807,
    2.1608176116890316,
    2.174810556854675,
    2.175690037185645,
    2.154459193506341,
    2.1685929259760903,
    2.137918605979199,
    2.1516950329436324,
    2.17203509590521,
    2.164933045707391,
    1.5590109943881691,
    1.5994947750047255,
    1.4696074448944436,
    1.4227443083501166,
    1.3913143372261538,
    1.3192134537436964,
    1.3875972924397049,
    1.2806861940982848,
    1.224351508356763,
    1.361710583077174,
    1.3294323494981946,
    1.3716796163212492,
    1.3662935299184376,
    1.3511317264327483,
    1.2610767184838148,
    1.2568135976470083,
    1.314419096445213,
    1.3243576210150025,
    1.343321172967006,
    1.2816418504928564
  ],
  "val_acc": [
    1.04,
    22.295578612533582,
    42.475782563560294,
    50.44634611161746,
    50.08728222917382,
    52.95016944586255,
    55.55208671661446,
    56.56673394858936,
    59.1335560256602,
    59.5641770958539,
    59.251865814009626,
    58.485739848485444,
    60.64561149557579,
    60.25683324526497,
    61.5653941399804,
    60.24715090944952,
    60.71202718397747,
    60.73961551772365,
    61.21825867847304,
    61.88668887113831,
    77.17602648766898,
    77.04210502731026,
    79.13360959198734,
    82.79052328773169,
    81.09941940609944,
    83.46113319227568,
    83.7719555666562,
    83.96841206958777,
    84.66531234048264,
    82.85789841607135,
    83.65371873870464,
    83.03032356329972,
    83.2882767753969,
    83.4479590355327,
    84.44870883888284,
    82.55315929877658,
    83.10580425573643,
    84.38423297180246,
    83.94560306941644,
    84.50498444572938
  ]
}