{
  "val_loss": [
    7.744,
    4.362603975132358,
    3.4192550627222364,
    3.0990543562168726,
    2.9021882998084716,
    2.787763596786309,
    2.7076185621297877,
    2.6015673530251346,
    2.5886864596939514,
    2.5827837852288753,
    2.5540563258493734,
    2.523317068312218,
    2.4804498892072644,
    2.487626351217445,
    2.4932102571275876,
    2.4407847742605018,
    2.4581381870036068,
    2.4259669003053173,
    2.4208719930804836,
    2.412539611116281,
    2.063612189197478,
    1.9983798676815085,
    1.9840091123214403,
    2.0138384316600204,
    1.9635979189231518,
    1.9811521542068404,
    1.9504669446667837,
    1.903054266595725,
    1.8868161781289876,
    1.8673046242111666,
    1.8405061400477467,
    1.8219869482875704,
    1.8332970948194083,
    1.8484098527862807,
    1.8004509043120211,
    1.7630235805889714,
    1.745419390340446,
    1.7493261263662525,
    1.7147721332579662,
    1.6712733035343141
  ],
  "val_acc": [
    1.04,
    9.988182139858024,
    29.8854136540745,
    39.776499183303905,
    45.88376304992308,
    47.48214328189012,
    50.4159739656415,
    52.66591495483919,
    54.19446437170129,
    53.29783720958177,
    54.77861725551418,
    55.34217774901496,
    56.425501194533474,
    56.208319388277324,
    56.61706388821526,
    55.4898460753725,
    57.65060938315299,
    57.74505764005752,
    56.971862077732354,
    57.970352124604126,
    63.2574511938923,
    63.23092279077404,
    63.96795859917946,
    63.4752021617413,
    65.09120363654341,
    65.31356441321589,
    66.37200722109975,
    66.50234624817939,
    66.76984767944434,
    68.08181767396796,
    67.1974070779646,
    68.49085174795292,
    68.86354291672073,
    68.98768308068999,
    69.30109604467881,
    69.47575429541337,
    70.72164857331315,
    70.85622734521068,
    71.35260934310612,
    71.79146458316701
  ]
}