{
  "val_loss": [
    7.744,
    7.122129227045624,
    6.569793624299204,
    6.124014568169412,
    5.700599240246078,
    5.384819604144289,
    5.081481442654445,
    4.85525472010765,
    4.649837046529448,
    4.479727440294312,
    4.312737856891765,
    4.147007697172302,
    4.0528781270713985,
    4.005380458145342,
    3.885362305556302,
    3.8035900884092966,
    3.8084666946447117,
    3.707381078189139,
    3.6586776454941625,
    3.6636613529087114,
    3.6273990390367103,
    3.617751018984922,
    3.5384675615332797,
    3.550295978947851,
    3.520831953603903,
    3.4624496607680757,
    3.5017543658670363,
    3.4734497201602665,
    3.4579695408548345,
    3.430957322826714,
    3.3813617818911954,
    3.4448736226493253,
    3.4237365194731337,
    3.399377423125166,
    3.365498490255416,
    3.388036169161083,
    3.3849783314923205,
    3.370493436093251,
    3.3799837947489997,
    3.3441595019780506
  ],
  "val_acc": [
    1.04,
    9.23488965751036,
    14.67245308186138,
    19.527257068281028,
    24.89043793948567,
    27.523380724020274,
    32.21675398900629,
    34.522253555770796,
    37.2715400501061,
    38.34797352942288,
    40.39690448710845,
    42.468294682872255,
    43.71475317557851,
    44.06576300455734,
    45.87117604738628,
    45.53467273369281,
    46.28598539739886,
    47.3719391496268,
    47.695376171318486,
    48.12752374918199,
    48.29345178122436,
    48.33256187567478,
    50.076685566246496,
    49.8150506695803,
    49.764596034746646,
    49.583065676609046,
    50.42511847385466,
    50.58202134692734,
    50.8008444649801,
    49.36712901975731,
    50.587218335574434,
    50.46793204968491,
    50.70346151217714,
    51.94049118479714,
    52.15458080166453,
    51.14867824770316,
    52.01092411413897,
    51.32256962647323,
    51.67270478696591,
    52.15857551037373
  ]
}