{
  "train_loss": [
    8.048222975297408,
    5.004924812100151,
    3.487944816323844,
    2.9004882140593096,
    2.6435923461209643,
    2.4918823729861868,
    2.396933749318123,
    2.3320281627503308,
    2.2860839197581466,
    2.251021734015508,
    2.2277397357604722,
    2.2056706391952257,
    2.182140901684761,
    2.1668535389683465,
    2.1569811065088618,
    2.1422353115948765,
    2.1355842883613976,
    2.12550931119106,
    2.1133207604289055,
    2.1068930984898047,
    1.6334460824728012,
    1.9367290697991848,
    1.4105303809046745,
    1.272181997583671,
    1.1728729527782311,
    1.10186517983675,
    1.0492822046984325,
    1.0052658344872973,
    0.9681046383286064,
    0.9453997405415232,
    0.9272847544740547,
    0.9122485144233162,
    0.9001008214598353,
    0.8912278544157743,
    0.8854939705607566,
    0.8805407858030363,
    0.8772324367680333,
    0.8755809061906554,
    0.8742074676874009,
    0.8741450958292593
  ],
  "train_acc": [
    0.9511111111111111,
    6.471111111111111,
    25.106666666666666,
    38.00666666666667,
    45.23555555555556,
    49.88,
    52.373333333333335,
    54.42888888888889,
    55.922222222222224,
    56.95111111111111,
    57.57555555555555,
    58.526666666666664,
    59.135555555555555,
    59.67111111111111,
    60.06444444444445,
    60.431111111111115,
    60.733333333333334,
    60.9,
    61.49111111111111,
    61.55777777777778,
    77.01333333333334,
    66.78666666666666,
    82.52888888888889,
    87.06444444444445,
    90.53555555555556,
    92.87555555555555,
    94.58222222222223,
    96.07111111111111,
    97.37333333333333,
    97.96222222222222,
    98.36,
    98.81333333333333,
    99.11777777777777,
    99.32,
    99.41333333333333,
    99.5111111111111,
    99.60888888888888,
    99.58666666666667,
    99.64,
    99.65333333333334
  ],
  "val_loss": [
    7.744069063663483,
    3.7537261307239533,
    2.8424596428871154,
    2.5261916548013685,
    2.3531855911016466,
    2.309384512901306,
    2.2320481896400453,
    2.1702165722846987,
    2.1573066383600237,
    2.151849490404129,
    2.127000477910042,
    2.104098978638649,
    2.0865030378103255,
    2.091781383752823,
    2.0732485473155977,
    2.0822236597537995,
    2.07319732606411,
    2.062167778611183,
    2.054313862323761,
    2.0448020815849306,
    1.5085240185260773,
    1.5304262727499007,
    1.4304211676120757,
    1.3418531447649003,
    1.3229541271924972,
    1.2950690776109695,
    1.2569335237145425,
    1.2392591029405593,
    1.2245051860809326,
    1.2148031294345856,
    1.220842459797859,
    1.2168623864650727,
    1.2126765817403793,
    1.2079470604658127,
    1.2045950442552567,
    1.2009621798992156,
    1.2035465881228447,
    1.20887853205204,
    1.2050709128379822,
    1.2029430776834489
  ],
  "val_acc": [
    1.04,
    18.16,
    38.52,
    47.54,
    53.0,
    54.08,
    56.92,
    58.72,
    60.5,
    59.24,
    60.54,
    61.18,
    62.24,
    61.64,
    62.5,
    61.3,
    62.56,
    62.9,
    62.8,
    63.22,
    79.54,
    78.08,
    81.04,
    83.12,
    83.46,
    84.74,
    85.7,
    86.72,
    86.8,
    87.24,
    87.16,
    87.16,
    87.5,
    88.16,
    87.64,
    87.56,
    87.34,
    87.4,
    87.4,
    88.02
  ]
}