{
  "train_loss": [
    8.167400979182936,
    6.766851366920904,
    5.304637249220502,
    3.9545103148980574,
    2.962267271497033,
    2.3484196351333098,
    1.9933235845105215,
    1.78698308494958,
    1.6492744626646691,
    1.547174102880738,
    1.4699569781395523,
    1.4055270342664286,
    1.352434955029325,
    1.3129875891926615,
    1.2781946337358518,
    1.2473060752857814,
    1.2274895075031302,
    1.2088328058069402,
    1.1879515319385312,
    1.1738800839944319,
    0.8267320870337161,
    0.6877742385999723,
    0.5198836351152171,
    0.4171870172616433,
    0.3495537247508764,
    0.29824422718957067,
    0.2673552427652546,
    0.2444094111507928,
    0.2295309844934805,
    0.22298190274953164
  ],
  "train_acc": [
    1.2533333333333334,
    1.708888888888889,
    5.168888888888889,
    15.948888888888888,
    29.96,
    40.48888888888889,
    47.75333333333333,
    52.18,
    55.38444444444445,
    57.626666666666665,
    59.41111111111111,
    60.913333333333334,
    62.10666666666667,
    63.04888888888889,
    64.04666666666667,
    64.83555555555556,
    65.1288888888889,
    65.82222222222222,
    66.04222222222222,
    66.52666666666667,
    75.32666666666667,
    79.03555555555556,
    83.59333333333333,
    86.86666666666666,
    88.79777777777778,
    90.47111111111111,
    91.35555555555555,
    92.35111111111111,
    92.92444444444445,
    93.17111111111112
  ],
  "val_loss": [
    7.890080833435059,
    5.729507339000702,
    4.307122087478637,
    3.0879583239555357,
    2.3303511679172515,
    1.8994940131902696,
    1.6637952864170074,
    1.5206048890948296,
    1.420282269269228,
    1.344635757058859,
    1.2936259128153325,
    1.245196409523487,
    1.2084462553262711,
    1.182518657296896,
    1.157022973895073,
    1.14047646895051,
    1.1221965208649636,
    1.1095615491271018,
    1.0987231090664864,
    1.0891007035970688,
    0.7027735330164433,
    0.6168992429971695,
    0.5690504640340805,
    0.5409452684223652,
    0.5339532881975174,
    0.521985363215208,
    0.5176109381020069,
    0.5174069456756115,
    0.5162125252187252,
    0.5160666197538376
  ],
  "val_acc": [
    1.08,
    2.54,
    10.42,
    26.38,
    40.62,
    48.46,
    53.82,
    57.22,
    59.56,
    61.42,
    62.6,
    63.92,
    64.82,
    65.64,
    66.12,
    66.32,
    67.02,
    67.2,
    67.64,
    68.02,
    77.46,
    80.42,
    82.4,
    83.14,
    83.64,
    83.58,
    84.08,
    84.34,
    84.4,
    84.58
  ]
}